구분,일시,미세먼지(PM10),초미세먼지(PM2.5)
금천구,2016-01-01,66,51
금천구,2016-01-02,51,35
금천구,2016-01-03,92,64
금천구,2016-01-04,92,64
금천구,2016-01-05,30,17
금천구,2016-01-06,53,33
금천구,2016-01-07,40,23
금천구,2016-01-08,32,19
금천구,2016-01-09,35,21
금천구,2016-01-10,33,22
금천구,2016-01-11,38,22
금천구,2016-01-12,43,25
금천구,2016-01-13,34,21
금천구,2016-01-14,41,22
금천구,2016-01-15,45,29
금천구,2016-01-16,73,54
금천구,2016-01-17,67,50
금천구,2016-01-18,56,35
금천구,2016-01-19,27,14
금천구,2016-01-20,36,24
금천구,2016-01-21,46,32
금천구,2016-01-22,41,27
금천구,2016-01-23,32,16
금천구,2016-01-24,38,22
금천구,2016-01-25,46,18
금천구,2016-01-26,71,38
금천구,2016-01-27,63,37
금천구,2016-01-28,54,33
금천구,2016-01-29,46,29
금천구,2016-01-30,40,27
금천구,2016-01-31,37,23
금천구,2016-02-01,38,21
금천구,2016-02-02,41,23
금천구,2016-02-03,51,31
금천구,2016-02-04,56,38
금천구,2016-02-05,45,24
금천구,2016-02-06,47,25
금천구,2016-02-07,39,23
금천구,2016-02-08,63,39
금천구,2016-02-09,52,30
금천구,2016-02-10,37,22
금천구,2016-02-11,44,27
금천구,2016-02-12,27,19
금천구,2016-02-13,17,12
금천구,2016-02-14,30,18
금천구,2016-02-15,31,12
금천구,2016-02-16,26,17
금천구,2016-02-17,32,15
금천구,2016-02-18,42,21
금천구,2016-02-19,83,44
금천구,2016-02-20,42,19
금천구,2016-02-21,25,12
금천구,2016-02-22,40,17
금천구,2016-02-23,56,31
금천구,2016-02-24,32,19
금천구,2016-02-25,48,28
금천구,2016-02-26,52,33
금천구,2016-02-27,65,43
금천구,2016-02-28,48,31
금천구,2016-02-29,49,29
금천구,2016-03-01,30,19
금천구,2016-03-02,36,21
금천구,2016-03-03,46,27
금천구,2016-03-04,66,38
금천구,2016-03-05,23,13
금천구,2016-03-06,93,19
금천구,2016-03-07,98,26
금천구,2016-03-08,72,21
금천구,2016-03-09,39,14
금천구,2016-03-10,33,15
금천구,2016-03-11,33,18
금천구,2016-03-12,41,20
금천구,2016-03-13,60,37
금천구,2016-03-14,65,44
금천구,2016-03-15,50,29
금천구,2016-03-16,60,35
금천구,2016-03-17,74,45
금천구,2016-03-18,64,38
금천구,2016-03-19,71,38
금천구,2016-03-20,75,44
금천구,2016-03-21,77,47
금천구,2016-03-22,68,44
금천구,2016-03-23,81,49
금천구,2016-03-24,44,23
금천구,2016-03-25,69,39
금천구,2016-03-26,65,43
금천구,2016-03-27,61,41
금천구,2016-03-28,66,43
금천구,2016-03-29,95,55
금천구,2016-03-30,91,53
금천구,2016-03-31,48,24
금천구,2016-04-01,61,30
금천구,2016-04-02,78,43
금천구,2016-04-03,65,44
금천구,2016-04-04,27,12
금천구,2016-04-05,52,21
금천구,2016-04-06,71,41
금천구,2016-04-07,46,28
금천구,2016-04-08,67,37
금천구,2016-04-09,103,59
금천구,2016-04-10,120,65
금천구,2016-04-11,50,24
금천구,2016-04-12,57,30
금천구,2016-04-13,57,34
금천구,2016-04-14,53,31
금천구,2016-04-15,56,30
금천구,2016-04-16,47,25
금천구,2016-04-17,40,14
금천구,2016-04-18,50,20
금천구,2016-04-19,42,20
금천구,2016-04-20,55,29
금천구,2016-04-21,27,17
금천구,2016-04-22,68,40
금천구,2016-04-23,154,44
금천구,2016-04-24,134,25
금천구,2016-04-25,65,23
금천구,2016-04-26,66,27
금천구,2016-04-27,42,15
금천구,2016-04-28,45,16
금천구,2016-04-29,58,26
금천구,2016-04-30,65,33
금천구,2016-05-01,37,16
금천구,2016-05-02,40,20
금천구,2016-05-03,17,9
금천구,2016-05-04,40,10
금천구,2016-05-05,42,20
금천구,2016-05-06,40,22
금천구,2016-05-07,90,23
금천구,2016-05-08,42,16
금천구,2016-05-09,50,21
금천구,2016-05-10,28,13
금천구,2016-05-11,23,11
금천구,2016-05-12,27,15
금천구,2016-05-13,37,20
금천구,2016-05-14,27,16
금천구,2016-05-15,33,20
금천구,2016-05-16,32,17
금천구,2016-05-17,63,40
금천구,2016-05-18,44,28
금천구,2016-05-19,30,18
금천구,2016-05-20,48,31
금천구,2016-05-21,36,25
금천구,2016-05-22,47,34
금천구,2016-05-23,61,42
금천구,2016-05-24,31,23
금천구,2016-05-25,77,57
금천구,2016-05-26,96,69
금천구,2016-05-27,91,63
금천구,2016-05-28,74,43
금천구,2016-05-29,72,42
금천구,2016-05-30,86,56
금천구,2016-05-31,71,46
금천구,2016-06-01,41,24
금천구,2016-06-02,35,19
금천구,2016-06-03,40,24
금천구,2016-06-04,46,26
금천구,2016-06-05,45,28
금천구,2016-06-06,21,14
금천구,2016-06-07,41,27
금천구,2016-06-08,33,23
금천구,2016-06-09,62,39
금천구,2016-06-10,50,32
금천구,2016-06-11,45,31
금천구,2016-06-12,31,21
금천구,2016-06-13,70,44
금천구,2016-06-14,54,33
금천구,2016-06-15,36,24
금천구,2016-06-16,32,19
금천구,2016-06-17,50,33
금천구,2016-06-18,67,48
금천구,2016-06-19,43,31
금천구,2016-06-20,56,39
금천구,2016-06-21,56,39
금천구,2016-06-22,76,55
금천구,2016-06-23,36,24
금천구,2016-06-24,65,40
금천구,2016-06-25,31,18
금천구,2016-06-26,29,18
금천구,2016-06-27,30,19
금천구,2016-06-28,62,46
금천구,2016-06-29,32,22
금천구,2016-06-30,30,20
금천구,2016-07-01,22,15
금천구,2016-07-02,14,8
금천구,2016-07-03,43,32
금천구,2016-07-04,21,15
금천구,2016-07-05,14,9
금천구,2016-07-06,18,10
금천구,2016-07-07,38,26
금천구,2016-07-08,52,35
금천구,2016-07-09,43,27
금천구,2016-07-10,31,20
금천구,2016-07-11,47,31
금천구,2016-07-12,40,29
금천구,2016-07-13,30,19
금천구,2016-07-14,34,22
금천구,2016-07-15,16,10
금천구,2016-07-16,9,5
금천구,2016-07-17,12,7
금천구,2016-07-18,25,16
금천구,2016-07-19,37,23
금천구,2016-07-20,38,25
금천구,2016-07-21,28,18
금천구,2016-07-22,34,22
금천구,2016-07-23,41,26
금천구,2016-07-24,37,23
금천구,2016-07-25,44,31
금천구,2016-07-26,34,23
금천구,2016-07-27,34,24
금천구,2016-07-28,50,37
금천구,2016-07-29,46,32
금천구,2016-07-30,48,34
금천구,2016-07-31,43,30
금천구,2016-08-01,36,25
금천구,2016-08-02,28,18
금천구,2016-08-03,29,18
금천구,2016-08-04,38,25
금천구,2016-08-05,51,34
금천구,2016-08-06,65,45
금천구,2016-08-07,32,22
금천구,2016-08-08,38,26
금천구,2016-08-09,36,25
금천구,2016-08-10,79,58
금천구,2016-08-11,30,19
금천구,2016-08-12,40,27
금천구,2016-08-13,36,25
금천구,2016-08-14,35,27
금천구,2016-08-15,33,21
금천구,2016-08-16,37,23
금천구,2016-08-17,45,28
금천구,2016-08-18,48,31
금천구,2016-08-19,56,40
금천구,2016-08-20,35,21
금천구,2016-08-21,26,16
금천구,2016-08-22,27,18
금천구,2016-08-23,30,20
금천구,2016-08-24,31,19
금천구,2016-08-25,26,15
금천구,2016-08-26,14,6
금천구,2016-08-27,10,4
금천구,2016-08-28,9,3
금천구,2016-08-29,13,6
금천구,2016-08-30,23,9
금천구,2016-08-31,16,6
금천구,2016-09-01,51,29
금천구,2016-09-02,30,19
금천구,2016-09-03,18,13
금천구,2016-09-04,24,15
금천구,2016-09-05,27,15
금천구,2016-09-06,49,32
금천구,2016-09-07,66,48
금천구,2016-09-08,43,30
금천구,2016-09-09,45,30
금천구,2016-09-10,45,30
금천구,2016-09-11,38,28
금천구,2016-09-12,32,21
금천구,2016-09-13,23,14
금천구,2016-09-14,34,24
금천구,2016-09-15,36,25
금천구,2016-09-16,47,35
금천구,2016-09-17,25,18
금천구,2016-09-18,21,12
금천구,2016-09-19,12,4
금천구,2016-09-20,14,7
금천구,2016-09-21,28,20
금천구,2016-09-22,34,24
금천구,2016-09-23,47,32
금천구,2016-09-24,56,40
금천구,2016-09-25,43,31
금천구,2016-09-26,38,26
금천구,2016-09-27,29,21
금천구,2016-09-28,29,20
금천구,2016-09-29,15,6
금천구,2016-09-30,26,13
금천구,2016-10-01,43,26
금천구,2016-10-02,29,17
금천구,2016-10-03,15,8
금천구,2016-10-04,28,15
금천구,2016-10-05,22,11
금천구,2016-10-06,31,16
금천구,2016-10-07,24,13
금천구,2016-10-08,18,10
금천구,2016-10-09,16,8
금천구,2016-10-10,22,11
금천구,2016-10-11,35,21
금천구,2016-10-12,50,29
금천구,2016-10-13,34,19
금천구,2016-10-14,57,35
금천구,2016-10-15,62,41
금천구,2016-10-16,46,32
금천구,2016-10-17,45,31
금천구,2016-10-18,50,29
금천구,2016-10-19,58,37
금천구,2016-10-20,60,38
금천구,2016-10-21,21,12
금천구,2016-10-22,24,13
금천구,2016-10-23,11,6
금천구,2016-10-24,14,7
금천구,2016-10-25,13,8
금천구,2016-10-26,34,20
금천구,2016-10-27,38,21
금천구,2016-10-28,29,14
금천구,2016-10-29,29,14
금천구,2016-10-30,22,11
금천구,2016-10-31,27,16
금천구,2016-11-01,20,10
금천구,2016-11-02,27,15
금천구,2016-11-03,39,24
금천구,2016-11-04,52,32
금천구,2016-11-05,66,37
금천구,2016-11-06,40,24
금천구,2016-11-07,33,22
금천구,2016-11-08,59,44
금천구,2016-11-09,36,24
금천구,2016-11-10,39,27
금천구,2016-11-11,46,20
금천구,2016-11-12,68,27
금천구,2016-11-13,54,26
금천구,2016-11-14,43,23
금천구,2016-11-15,53,20
금천구,2016-11-16,47,26
금천구,2016-11-17,61,37
금천구,2016-11-18,80,54
금천구,2016-11-19,44,30
금천구,2016-11-20,38,24
금천구,2016-11-21,54,29
금천구,2016-11-22,38,19
금천구,2016-11-23,35,17
금천구,2016-11-24,26,14
금천구,2016-11-25,32,19
금천구,2016-11-26,50,37
금천구,2016-11-27,63,47
금천구,2016-11-28,73,42
금천구,2016-11-29,36,23
금천구,2016-11-30,44,29
금천구,2016-12-01,47,27
금천구,2016-12-02,32,18
금천구,2016-12-03,43,26
금천구,2016-12-04,77,58
금천구,2016-12-05,77,56
금천구,2016-12-06,24,13
금천구,2016-12-07,42,25
금천구,2016-12-08,40,25
금천구,2016-12-09,34,24
금천구,2016-12-10,31,20
금천구,2016-12-11,32,22
금천구,2016-12-12,42,30
금천구,2016-12-13,56,39
금천구,2016-12-14,47,26
금천구,2016-12-15,29,16
금천구,2016-12-16,28,15
금천구,2016-12-17,50,32
금천구,2016-12-18,32,21
금천구,2016-12-19,33,22
금천구,2016-12-20,47,29
금천구,2016-12-21,44,25
금천구,2016-12-22,27,15
금천구,2016-12-23,50,32
금천구,2016-12-24,64,46
금천구,2016-12-25,54,38
금천구,2016-12-26,45,30
금천구,2016-12-27,39,24
금천구,2016-12-28,42,25
금천구,2016-12-29,31,15
금천구,2016-12-30,38,23
금천구,2016-12-31,50,35
금천구,2017-01-01,65,45
금천구,2017-01-02,98,65
금천구,2017-01-03,67,41
금천구,2017-01-04,51,31
금천구,2017-01-05,34,20
금천구,2017-01-06,18,13
금천구,2017-01-07,55,45
금천구,2017-01-08,31,24
금천구,2017-01-09,57,47
금천구,2017-01-10,31,18
금천구,2017-01-11,22,14
금천구,2017-01-12,30,18
금천구,2017-01-13,25,13
금천구,2017-01-14,39,13
금천구,2017-01-15,24,14
금천구,2017-01-16,46,31
금천구,2017-01-17,63,50
금천구,2017-01-18,96,78
금천구,2017-01-19,93,72
금천구,2017-01-20,55,42
금천구,2017-01-21,39,31
금천구,2017-01-22,62,29
금천구,2017-01-23,46,39
금천구,2017-01-24,38,32
금천구,2017-01-25,41,35
금천구,2017-01-26,56,49
금천구,2017-01-27,83,23
금천구,2017-01-28,30,15
금천구,2017-01-29,27,18
금천구,2017-01-30,47,35
금천구,2017-01-31,26,19
금천구,2017-02-01,33,23
금천구,2017-02-02,28,18
금천구,2017-02-03,63,48
금천구,2017-02-04,82,71
금천구,2017-02-05,63,53
금천구,2017-02-06,38,28
금천구,2017-02-07,36,26
금천구,2017-02-08,47,32
금천구,2017-02-09,43,20
금천구,2017-02-10,29,19
금천구,2017-02-11,27,17
금천구,2017-02-12,29,19
금천구,2017-02-13,39,27
금천구,2017-02-14,46,35
금천구,2017-02-15,51,39
금천구,2017-02-16,60,44
금천구,2017-02-17,41,17
금천구,2017-02-18,28,17
금천구,2017-02-19,39,26
금천구,2017-02-20,40,22
금천구,2017-02-21,45,34
금천구,2017-02-22,40,33
금천구,2017-02-23,33,21
금천구,2017-02-24,27,18
금천구,2017-02-25,46,33
금천구,2017-02-26,48,36
금천구,2017-02-27,39,28
금천구,2017-02-28,32,24
금천구,2017-03-01,51,41
금천구,2017-03-02,35,24
금천구,2017-03-03,38,22
금천구,2017-03-04,39,26
금천구,2017-03-05,64,48
금천구,2017-03-06,38,27
금천구,2017-03-07,31,20
금천구,2017-03-08,39,19
금천구,2017-03-09,41,19
금천구,2017-03-10,38,24
금천구,2017-03-11,54,40
금천구,2017-03-12,80,63
금천구,2017-03-13,60,41
금천구,2017-03-14,44,27
금천구,2017-03-15,37,24
금천구,2017-03-16,55,43
금천구,2017-03-17,72,61
금천구,2017-03-18,70,60
금천구,2017-03-19,68,59
금천구,2017-03-20,95,77
금천구,2017-03-21,88,66
금천구,2017-03-22,48,34
금천구,2017-03-23,70,52
금천구,2017-03-24,54,38
금천구,2017-03-25,63,51
금천구,2017-03-26,54,44
금천구,2017-03-27,70,58
금천구,2017-03-28,78,65
금천구,2017-03-29,53,43
금천구,2017-03-30,59,44
금천구,2017-03-31,58,46
금천구,2017-04-01,24,19
금천구,2017-04-02,44,36
금천구,2017-04-03,72,58
금천구,2017-04-04,66,50
금천구,2017-04-05,47,33
금천구,2017-04-06,26,19
금천구,2017-04-07,46,35
금천구,2017-04-08,64,49
금천구,2017-04-09,47,35
금천구,2017-04-10,23,16
금천구,2017-04-11,47,25
금천구,2017-04-12,52,12
금천구,2017-04-13,54,26
금천구,2017-04-14,48,24
금천구,2017-04-15,54,30
금천구,2017-04-16,48,29
금천구,2017-04-17,40,25
금천구,2017-04-18,34,22
금천구,2017-04-19,67,16
금천구,2017-04-20,66,21
금천구,2017-04-21,52,24
금천구,2017-04-22,54,29
금천구,2017-04-23,42,24
금천구,2017-04-24,36,19
금천구,2017-04-25,47,28
금천구,2017-04-26,43,23
금천구,2017-04-27,34,14
금천구,2017-04-28,50,25
금천구,2017-04-29,52,29
금천구,2017-04-30,77,51
금천구,2017-05-01,88,58
금천구,2017-05-02,101,56
금천구,2017-05-03,68,31
금천구,2017-05-04,63,30
금천구,2017-05-05,54,26
금천구,2017-05-06,191,18
금천구,2017-05-07,91,15
금천구,2017-05-08,179,38
금천구,2017-05-09,121,29
금천구,2017-05-10,43,17
금천구,2017-05-11,76,31
금천구,2017-05-12,81,42
금천구,2017-05-13,52,23
금천구,2017-05-14,60,14
금천구,2017-05-15,43,10
금천구,2017-05-16,37,14
금천구,2017-05-17,44,20
금천구,2017-05-18,47,24
금천구,2017-05-19,49,25
금천구,2017-05-20,36,19
금천구,2017-05-21,33,19
금천구,2017-05-22,42,23
금천구,2017-05-23,39,22
금천구,2017-05-24,29,15
금천구,2017-05-25,37,15
금천구,2017-05-26,24,8
금천구,2017-05-27,33,13
금천구,2017-05-28,44,20
금천구,2017-05-29,66,31
금천구,2017-05-30,49,22
금천구,2017-05-31,39,20
금천구,2017-06-01,37,19
금천구,2017-06-02,30,10
금천구,2017-06-03,30,10
금천구,2017-06-04,26,10
금천구,2017-06-05,30,14
금천구,2017-06-06,22,11
금천구,2017-06-07,19,10
금천구,2017-06-08,52,30
금천구,2017-06-09,64,38
금천구,2017-06-10,57,24
금천구,2017-06-11,31,9
금천구,2017-06-12,30,12
금천구,2017-06-13,38,17
금천구,2017-06-14,41,20
금천구,2017-06-15,50,24
금천구,2017-06-16,66,36
금천구,2017-06-17,50,28
금천구,2017-06-18,43,25
금천구,2017-06-19,54,32
금천구,2017-06-20,51,30
금천구,2017-06-21,58,35
금천구,2017-06-22,37,23
금천구,2017-06-23,45,26
금천구,2017-06-24,43,23
금천구,2017-06-25,42,27
금천구,2017-06-26,30,18
금천구,2017-06-27,31,19
금천구,2017-06-28,51,33
금천구,2017-06-29,54,34
금천구,2017-06-30,58,38
금천구,2017-07-01,42,31
금천구,2017-07-02,25,19
금천구,2017-07-03,23,16
금천구,2017-07-04,30,22
금천구,2017-07-05,41,31
금천구,2017-07-06,55,38
금천구,2017-07-07,15,12
금천구,2017-07-08,23,16
금천구,2017-07-09,30,22
금천구,2017-07-10,12,10
금천구,2017-07-11,38,25
금천구,2017-07-12,53,35
금천구,2017-07-13,49,34
금천구,2017-07-14,49,35
금천구,2017-07-15,19,14
금천구,2017-07-16,15,12
금천구,2017-07-17,20,13
금천구,2017-07-18,25,19
금천구,2017-07-19,41,31
금천구,2017-07-20,45,37
금천구,2017-07-21,52,43
금천구,2017-07-22,52,42
금천구,2017-07-23,48,38
금천구,2017-07-24,34,25
금천구,2017-07-25,31,17
금천구,2017-07-26,18,10
금천구,2017-07-27,25,17
금천구,2017-07-28,34,25
금천구,2017-07-29,18,12
금천구,2017-07-30,19,13
금천구,2017-07-31,17,12
금천구,2017-08-01,19,12
금천구,2017-08-02,35,27
금천구,2017-08-03,26,15
금천구,2017-08-04,22,18
금천구,2017-08-05,30,23
금천구,2017-08-06,21,17
금천구,2017-08-07,30,22
금천구,2017-08-08,37,28
금천구,2017-08-09,31,24
금천구,2017-08-10,8,5
금천구,2017-08-11,14,7
금천구,2017-08-12,12,6
금천구,2017-08-13,13,6
금천구,2017-08-14,10,4
금천구,2017-08-15,5,3
금천구,2017-08-16,7,3
금천구,2017-08-17,10,6
금천구,2017-08-18,23,17
금천구,2017-08-19,27,20
금천구,2017-08-20,10,9
금천구,2017-08-21,11,8
금천구,2017-08-22,16,11
금천구,2017-08-23,17,9
금천구,2017-08-24,19,9
금천구,2017-08-25,31,16
금천구,2017-08-26,24,12
금천구,2017-08-27,21,12
금천구,2017-08-28,27,19
금천구,2017-08-29,16,9
금천구,2017-08-30,21,11
금천구,2017-08-31,31,21
금천구,2017-09-01,21,11
금천구,2017-09-02,25,15
금천구,2017-09-03,31,21
금천구,2017-09-04,25,18
금천구,2017-09-05,22,11
금천구,2017-09-06,28,20
금천구,2017-09-07,31,23
금천구,2017-09-08,48,40
금천구,2017-09-09,68,53
금천구,2017-09-10,49,39
금천구,2017-09-11,23,18
금천구,2017-09-12,21,13
금천구,2017-09-13,17,10
금천구,2017-09-14,21,12
금천구,2017-09-15,14,8
금천구,2017-09-16,9,5
금천구,2017-09-17,8,4
금천구,2017-09-18,13,8
금천구,2017-09-19,51,40
금천구,2017-09-20,19,11
금천구,2017-09-21,22,16
금천구,2017-09-22,27,23
금천구,2017-09-23,36,24
금천구,2017-09-24,50,38
금천구,2017-09-25,37,29
금천구,2017-09-26,35,27
금천구,2017-09-27,35,27
금천구,2017-09-28,16,8
금천구,2017-09-29,15,9
금천구,2017-09-30,24,16
금천구,2017-10-01,23,19
금천구,2017-10-02,13,9
금천구,2017-10-03,24,11
금천구,2017-10-04,16,9
금천구,2017-10-05,11,7
금천구,2017-10-06,8,6
금천구,2017-10-07,8,6
금천구,2017-10-08,15,13
금천구,2017-10-09,19,17
금천구,2017-10-10,20,17
금천구,2017-10-11,14,8
금천구,2017-10-12,23,12
금천구,2017-10-13,27,16
금천구,2017-10-14,21,12
금천구,2017-10-15,20,12
금천구,2017-10-16,29,16
금천구,2017-10-17,38,22
금천구,2017-10-18,23,15
금천구,2017-10-19,18,10
금천구,2017-10-20,27,17
금천구,2017-10-21,37,23
금천구,2017-10-22,21,13
금천구,2017-10-23,21,10
금천구,2017-10-24,28,16
금천구,2017-10-25,38,24
금천구,2017-10-26,45,28
금천구,2017-10-27,54,36
금천구,2017-10-28,42,29
금천구,2017-10-29,63,24
금천구,2017-10-30,34,15
금천구,2017-10-31,30,14
금천구,2017-11-01,33,19
금천구,2017-11-02,41,25
금천구,2017-11-03,36,25
금천구,2017-11-04,56,45
금천구,2017-11-05,34,25
금천구,2017-11-06,30,20
금천구,2017-11-07,36,24
금천구,2017-11-08,63,31
금천구,2017-11-09,44,23
금천구,2017-11-10,42,25
금천구,2017-11-11,66,14
금천구,2017-11-12,30,21
금천구,2017-11-13,36,25
금천구,2017-11-14,46,21
금천구,2017-11-15,26,14
금천구,2017-11-16,25,16
금천구,2017-11-17,43,27
금천구,2017-11-18,39,23
금천구,2017-11-19,24,13
금천구,2017-11-20,32,22
금천구,2017-11-21,48,36
금천구,2017-11-22,56,31
금천구,2017-11-23,23,12
금천구,2017-11-24,19,12
금천구,2017-11-25,25,17
금천구,2017-11-26,48,30
금천구,2017-11-27,51,35
금천구,2017-11-28,70,51
금천구,2017-11-29,59,29
금천구,2017-11-30,24,10
금천구,2017-12-01,22,14
금천구,2017-12-02,37,25
금천구,2017-12-03,54,39
금천구,2017-12-04,50,33
금천구,2017-12-05,22,12
금천구,2017-12-06,32,23
금천구,2017-12-07,44,34
금천구,2017-12-08,30,22
금천구,2017-12-09,35,24
금천구,2017-12-10,37,26
금천구,2017-12-11,39,9
금천구,2017-12-12,31,19
금천구,2017-12-13,31,19
금천구,2017-12-14,55,42
금천구,2017-12-15,73,58
금천구,2017-12-16,44,31
금천구,2017-12-17,38,16
금천구,2017-12-18,47,29
금천구,2017-12-19,44,21
금천구,2017-12-20,32,23
금천구,2017-12-21,50,39
금천구,2017-12-22,50,38
금천구,2017-12-23,101,73
금천구,2017-12-24,70,53
금천구,2017-12-25,30,17
금천구,2017-12-26,27,15
금천구,2017-12-27,26,15
금천구,2017-12-28,32,22
금천구,2017-12-29,94,68
금천구,2017-12-30,117,90
금천구,2017-12-31,64,40
금천구,2018-01-01,38,21
금천구,2018-01-02,39,24
금천구,2018-01-03,33,19
금천구,2018-01-04,42,25
금천구,2018-01-05,49,34
금천구,2018-01-06,43,31
금천구,2018-01-07,53,40
금천구,2018-01-08,59,44
금천구,2018-01-09,39,20
금천구,2018-01-10,32,14
금천구,2018-01-11,31,22
금천구,2018-01-12,27,18
금천구,2018-01-13,51,41
금천구,2018-01-14,69,56
금천구,2018-01-15,68,48
금천구,2018-01-16,117,92
금천구,2018-01-17,109,89
금천구,2018-01-18,83,58
금천구,2018-01-19,55,30
금천구,2018-01-20,98,64
금천구,2018-01-21,67,43
금천구,2018-01-22,44,28
금천구,2018-01-23,26,14
금천구,2018-01-24,28,10
금천구,2018-01-25,24,12
금천구,2018-01-26,32,20
금천구,2018-01-27,42,29
금천구,2018-01-28,30,20
금천구,2018-01-29,44,18
금천구,2018-01-30,40,21
금천구,2018-01-31,39,20
금천구,2018-02-01,37,23
금천구,2018-02-02,50,32
금천구,2018-02-03,39,21
금천구,2018-02-04,32,22
금천구,2018-02-05,25,14
금천구,2018-02-06,31,19
금천구,2018-02-07,37,25
금천구,2018-02-08,53,39
금천구,2018-02-09,66,51
금천구,2018-02-10,75,44
금천구,2018-02-11,48,15
금천구,2018-02-12,47,15
금천구,2018-02-13,46,16
금천구,2018-02-14,63,29
금천구,2018-02-15,37,16
금천구,2018-02-16,41,23
금천구,2018-02-17,46,13
금천구,2018-02-18,34,18
금천구,2018-02-19,55,37
금천구,2018-02-20,64,42
금천구,2018-02-21,35,18
금천구,2018-02-22,40,25
금천구,2018-02-23,88,60
금천구,2018-02-24,77,51
금천구,2018-02-25,47,32
금천구,2018-02-26,57,39
금천구,2018-02-27,78,52
금천구,2018-02-28,66,43
금천구,2018-03-01,40,27
금천구,2018-03-02,65,23
금천구,2018-03-03,50,24
금천구,2018-03-04,32,21
금천구,2018-03-05,8,4
금천구,2018-03-06,28,15
금천구,2018-03-07,33,17
금천구,2018-03-08,32,24
금천구,2018-03-09,68,50
금천구,2018-03-10,45,31
금천구,2018-03-11,62,42
금천구,2018-03-12,107,72
금천구,2018-03-13,49,29
금천구,2018-03-14,24,12
금천구,2018-03-15,26,15
금천구,2018-03-16,16,7
금천구,2018-03-17,32,19
금천구,2018-03-18,69,51
금천구,2018-03-19,35,25
금천구,2018-03-20,20,9
금천구,2018-03-21,16,8
금천구,2018-03-22,41,26
금천구,2018-03-23,63,45
금천구,2018-03-24,108,81
금천구,2018-03-25,119,94
금천구,2018-03-26,95,58
금천구,2018-03-27,87,54
금천구,2018-03-28,54,34
금천구,2018-03-29,60,39
금천구,2018-03-30,58,33
금천구,2018-03-31,50,24
금천구,2018-04-01,68,31
금천구,2018-04-02,65,24
금천구,2018-04-03,62,17
금천구,2018-04-04,18,8
금천구,2018-04-05,7,4
금천구,2018-04-06,98,21
금천구,2018-04-07,49,21
금천구,2018-04-08,29,15
금천구,2018-04-09,41,26
금천구,2018-04-10,44,19
금천구,2018-04-11,59,20
금천구,2018-04-12,45,15
금천구,2018-04-13,32,15
금천구,2018-04-14,22,12
금천구,2018-04-15,62,20
금천구,2018-04-16,38,22
금천구,2018-04-17,56,28
금천구,2018-04-18,62,34
금천구,2018-04-19,67,33
금천구,2018-04-20,84,41
금천구,2018-04-21,63,33
금천구,2018-04-22,38,18
금천구,2018-04-23,12,8
금천구,2018-04-24,9,4
금천구,2018-04-25,34,24
금천구,2018-04-26,40,26
금천구,2018-04-27,53,34
금천구,2018-04-28,57,35
금천구,2018-04-29,48,27
금천구,2018-04-30,73,47
금천구,2018-05-01,61,40
금천구,2018-05-02,55,38
금천구,2018-05-03,32,14
금천구,2018-05-04,42,16
금천구,2018-05-05,40,18
금천구,2018-05-06,16,9
금천구,2018-05-07,32,16
금천구,2018-05-08,22,9
금천구,2018-05-09,22,9
금천구,2018-05-10,40,21
금천구,2018-05-11,53,31
금천구,2018-05-12,29,18
금천구,2018-05-13,22,13
금천구,2018-05-14,62,43
금천구,2018-05-15,63,41
금천구,2018-05-16,35,23
금천구,2018-05-17,22,11
금천구,2018-05-18,27,7
금천구,2018-05-19,13,5
금천구,2018-05-20,14,7
금천구,2018-05-21,20,10
금천구,2018-05-22,38,22
금천구,2018-05-23,44,12
금천구,2018-05-24,88,21
금천구,2018-05-25,82,28
금천구,2018-05-26,77,35
금천구,2018-05-27,59,23
금천구,2018-05-28,50,24
금천구,2018-05-29,41,24
금천구,2018-05-30,45,24
금천구,2018-05-31,44,22
금천구,2018-06-01,41,21
금천구,2018-06-02,37,19
금천구,2018-06-03,31,19
금천구,2018-06-04,40,24
금천구,2018-06-05,44,28
금천구,2018-06-06,51,34
금천구,2018-06-07,48,30
금천구,2018-06-08,34,20
금천구,2018-06-09,49,29
금천구,2018-06-10,21,7
금천구,2018-06-11,13,5
금천구,2018-06-12,16,7
금천구,2018-06-13,26,16
금천구,2018-06-14,29,19
금천구,2018-06-15,17,8
금천구,2018-06-16,24,13
금천구,2018-06-17,53,33
금천구,2018-06-18,48,31
금천구,2018-06-19,42,27
금천구,2018-06-20,44,29
금천구,2018-06-21,40,26
금천구,2018-06-22,41,26
금천구,2018-06-23,36,21
금천구,2018-06-24,59,36
금천구,2018-06-25,53,32
금천구,2018-06-26,53,36
금천구,2018-06-27,29,19
금천구,2018-06-28,26,16
금천구,2018-06-29,39,25
금천구,2018-06-30,59,38
금천구,2018-07-01,12,6
금천구,2018-07-02,11,5
금천구,2018-07-03,18,9
금천구,2018-07-04,25,13
금천구,2018-07-05,26,17
금천구,2018-07-06,9,2
금천구,2018-07-07,10,3
금천구,2018-07-08,14,6
금천구,2018-07-09,12,5
금천구,2018-07-10,25,13
금천구,2018-07-11,36,19
금천구,2018-07-12,32,16
금천구,2018-07-13,25,14
금천구,2018-07-14,24,14
금천구,2018-07-15,26,17
금천구,2018-07-16,29,18
금천구,2018-07-17,32,22
금천구,2018-07-18,37,26
금천구,2018-07-19,34,23
금천구,2018-07-20,35,21
금천구,2018-07-21,38,24
금천구,2018-07-22,32,20
금천구,2018-07-23,33,21
금천구,2018-07-24,40,27
금천구,2018-07-25,34,21
금천구,2018-07-26,42,27
금천구,2018-07-27,53,35
금천구,2018-07-28,47,33
금천구,2018-07-29,22,15
금천구,2018-07-30,12,6
금천구,2018-07-31,19,11
금천구,2018-08-01,35,21
금천구,2018-08-02,38,24
금천구,2018-08-03,43,30
금천구,2018-08-04,29,18
금천구,2018-08-05,30,18
금천구,2018-08-06,35,21
금천구,2018-08-07,23,14
금천구,2018-08-08,28,17
금천구,2018-08-09,30,19
금천구,2018-08-10,20,12
금천구,2018-08-11,13,7
금천구,2018-08-12,17,10
금천구,2018-08-13,31,22
금천구,2018-08-14,27,16
금천구,2018-08-15,30,20
금천구,2018-08-16,17,8
금천구,2018-08-17,14,5
금천구,2018-08-18,16,7
금천구,2018-08-19,26,14
금천구,2018-08-20,35,21
금천구,2018-08-21,23,13
금천구,2018-08-22,25,15
금천구,2018-08-23,15,7
금천구,2018-08-24,12,5
금천구,2018-08-25,25,13
금천구,2018-08-26,20,11
금천구,2018-08-27,12,6
금천구,2018-08-28,14,7
금천구,2018-08-29,18,8
금천구,2018-08-30,30,19
금천구,2018-08-31,26,15
금천구,2018-09-01,23,12
금천구,2018-09-02,16,7
금천구,2018-09-03,17,9
금천구,2018-09-04,18,8
금천구,2018-09-05,27,11
금천구,2018-09-06,33,18
금천구,2018-09-07,26,13
금천구,2018-09-08,24,11
금천구,2018-09-09,27,13
금천구,2018-09-10,13,5
금천구,2018-09-11,15,7
금천구,2018-09-12,17,8
금천구,2018-09-13,20,10
금천구,2018-09-14,19,9
금천구,2018-09-15,14,7
금천구,2018-09-16,39,25
금천구,2018-09-17,28,15
금천구,2018-09-18,35,18
금천구,2018-09-19,37,20
금천구,2018-09-20,15,9
금천구,2018-09-21,10,5
금천구,2018-09-22,31,12
금천구,2018-09-23,31,12
금천구,2018-09-24,17,8
금천구,2018-09-25,18,9
금천구,2018-09-26,12,6
금천구,2018-09-27,11,5
금천구,2018-09-28,14,6
금천구,2018-09-29,18,9
금천구,2018-09-30,23,12
금천구,2018-10-01,17,9
금천구,2018-10-02,25,14
금천구,2018-10-03,25,14
금천구,2018-10-04,23,13
금천구,2018-10-05,11,6
금천구,2018-10-06,9,4
금천구,2018-10-07,28,12
금천구,2018-10-08,22,9
금천구,2018-10-09,24,12
금천구,2018-10-10,20,10
금천구,2018-10-11,18,9
금천구,2018-10-12,23,12
금천구,2018-10-13,33,21
금천구,2018-10-14,33,22
금천구,2018-10-15,54,35
금천구,2018-10-16,35,21
금천구,2018-10-17,22,11
금천구,2018-10-18,9,5
금천구,2018-10-19,19,12
금천구,2018-10-20,37,21
금천구,2018-10-21,34,24
금천구,2018-10-22,46,33
금천구,2018-10-23,44,30
금천구,2018-10-24,36,18
금천구,2018-10-25,32,18
금천구,2018-10-26,36,20
금천구,2018-10-27,24,9
금천구,2018-10-28,17,11
금천구,2018-10-29,18,11
금천구,2018-10-30,22,14
금천구,2018-10-31,22,16
금천구,2018-11-01,30,20
금천구,2018-11-02,37,25
금천구,2018-11-03,50,37
금천구,2018-11-04,41,31
금천구,2018-11-05,59,43
금천구,2018-11-06,107,83
금천구,2018-11-07,76,60
금천구,2018-11-08,12,10
금천구,2018-11-09,38,25
금천구,2018-11-10,64,44
금천구,2018-11-11,66,46
금천구,2018-11-12,31,20
금천구,2018-11-13,40,27
금천구,2018-11-14,35,24
금천구,2018-11-15,48,37
금천구,2018-11-16,51,40
금천구,2018-11-17,27,18
금천구,2018-11-18,32,21
금천구,2018-11-19,51,33
금천구,2018-11-20,39,19
금천구,2018-11-21,33,19
금천구,2018-11-22,22,12
금천구,2018-11-23,22,13
금천구,2018-11-24,23,17
금천구,2018-11-25,43,33
금천구,2018-11-26,58,42
금천구,2018-11-27,112,54
금천구,2018-11-28,107,22
금천구,2018-11-29,65,22
금천구,2018-11-30,57,25
금천구,2018-12-01,41,24
금천구,2018-12-02,48,29
금천구,2018-12-03,43,26
금천구,2018-12-04,37,20
금천구,2018-12-05,29,14
금천구,2018-12-06,38,21
금천구,2018-12-07,23,12
금천구,2018-12-08,23,12
금천구,2018-12-09,22,13
금천구,2018-12-10,30,20
금천구,2018-12-11,35,24
금천구,2018-12-12,40,26
금천구,2018-12-13,39,28
금천구,2018-12-14,32,22
금천구,2018-12-15,50,39
금천구,2018-12-16,50,41
금천구,2018-12-17,75,52
금천구,2018-12-18,42,27
금천구,2018-12-19,53,35
금천구,2018-12-20,52,36
금천구,2018-12-21,76,53
금천구,2018-12-22,88,66
금천구,2018-12-23,49,30
금천구,2018-12-24,23,15
금천구,2018-12-25,29,21
금천구,2018-12-26,52,29
금천구,2018-12-27,25,11
금천구,2018-12-28,33,15
금천구,2018-12-29,31,12
금천구,2018-12-30,29,18
금천구,2018-12-31,42,30
금천구,2019-01-01,33,25
금천구,2019-01-02,33,24
금천구,2019-01-03,32,22
금천구,2019-01-04,45,35
금천구,2019-01-05,54,37
금천구,2019-01-06,44,25
금천구,2019-01-07,51,35
금천구,2019-01-08,46,26
금천구,2019-01-09,55,26
금천구,2019-01-10,55,34
금천구,2019-01-11,91,67
금천구,2019-01-12,104,76
금천구,2019-01-13,117,86
금천구,2019-01-14,160,123
금천구,2019-01-15,135,89
금천구,2019-01-16,46,20
금천구,2019-01-17,47,25
금천구,2019-01-18,63,41
금천구,2019-01-19,89,65
금천구,2019-01-20,66,39
금천구,2019-01-21,43,22
금천구,2019-01-22,63,34
금천구,2019-01-23,80,53
금천구,2019-01-24,42,24
금천구,2019-01-25,47,24
금천구,2019-01-26,44,23
금천구,2019-01-27,33,21
금천구,2019-01-28,76,26
금천구,2019-01-29,63,24
금천구,2019-01-30,60,33
금천구,2019-01-31,64,22
금천구,2019-02-01,39,21
금천구,2019-02-02,55,34
금천구,2019-02-03,40,31
금천구,2019-02-04,69,36
금천구,2019-02-05,78,27
금천구,2019-02-06,84,32
금천구,2019-02-07,64,31
금천구,2019-02-08,33,19
금천구,2019-02-09,36,19
금천구,2019-02-10,43,25
금천구,2019-02-11,41,26
금천구,2019-02-12,59,39
금천구,2019-02-13,42,24
금천구,2019-02-14,56,30
금천구,2019-02-15,41,30
금천구,2019-02-16,60,49
금천구,2019-02-17,36,26
금천구,2019-02-18,42,28
금천구,2019-02-19,47,39
금천구,2019-02-20,62,53
금천구,2019-02-21,74,60
금천구,2019-02-22,73,57
금천구,2019-02-23,61,47
금천구,2019-02-24,69,57
금천구,2019-02-25,76,58
금천구,2019-02-26,50,29
금천구,2019-02-27,75,48
금천구,2019-02-28,86,56
금천구,2019-03-01,113,78
금천구,2019-03-02,129,88
금천구,2019-03-03,103,72
금천구,2019-03-04,185,123
금천구,2019-03-05,171,116
금천구,2019-03-06,139,93
금천구,2019-03-07,60,41
금천구,2019-03-08,44,26
금천구,2019-03-09,39,25
금천구,2019-03-10,48,30
금천구,2019-03-11,66,42
금천구,2019-03-12,77,44
금천구,2019-03-13,39,12
금천구,2019-03-14,40,19
금천구,2019-03-15,52,30
금천구,2019-03-16,40,27
금천구,2019-03-17,37,22
금천구,2019-03-18,35,20
금천구,2019-03-19,55,33
금천구,2019-03-20,83,61
금천구,2019-03-21,32,24
금천구,2019-03-22,38,20
금천구,2019-03-23,27,17
금천구,2019-03-24,28,16
금천구,2019-03-25,42,25
금천구,2019-03-26,53,30
금천구,2019-03-27,81,50
금천구,2019-03-28,77,46
금천구,2019-03-29,38,20
금천구,2019-03-30,35,23
금천구,2019-03-31,43,26
금천구,2019-04-01,25,14
금천구,2019-04-02,33,18
금천구,2019-04-03,36,22
금천구,2019-04-04,34,20
금천구,2019-04-05,70,23
금천구,2019-04-06,59,20
금천구,2019-04-07,38,16
금천구,2019-04-08,35,14
금천구,2019-04-09,26,13
금천구,2019-04-10,9,6
금천구,2019-04-11,26,16
금천구,2019-04-12,43,28
금천구,2019-04-13,44,28
금천구,2019-04-14,37,21
금천구,2019-04-15,47,17
금천구,2019-04-16,44,21
금천구,2019-04-17,36,18
금천구,2019-04-18,35,20
금천구,2019-04-19,40,20
금천구,2019-04-20,42,22
금천구,2019-04-21,30,20
금천구,2019-04-22,74,31
금천구,2019-04-23,72,34
금천구,2019-04-24,45,30
금천구,2019-04-25,34,18
금천구,2019-04-26,14,9
금천구,2019-04-27,18,12
금천구,2019-04-28,20,14
금천구,2019-04-29,24,16
금천구,2019-04-30,31,20
금천구,2019-05-01,46,25
금천구,2019-05-02,48,16
금천구,2019-05-03,54,27
금천구,2019-05-04,78,49
금천구,2019-05-05,56,36
금천구,2019-05-06,36,14
금천구,2019-05-07,40,17
금천구,2019-05-08,43,21
금천구,2019-05-09,39,20
금천구,2019-05-10,50,27
금천구,2019-05-11,53,31
금천구,2019-05-12,47,30
금천구,2019-05-13,46,29
금천구,2019-05-14,42,31
금천구,2019-05-15,56,37
금천구,2019-05-16,58,37
금천구,2019-05-17,56,42
금천구,2019-05-18,28,19
금천구,2019-05-19,15,12
금천구,2019-05-20,33,13
금천구,2019-05-21,44,17
금천구,2019-05-22,48,24
금천구,2019-05-23,61,36
금천구,2019-05-24,71,46
금천구,2019-05-25,71,48
금천구,2019-05-26,33,21
금천구,2019-05-27,21,14
금천구,2019-05-28,21,10
금천구,2019-05-29,40,22
금천구,2019-05-30,38,23
금천구,2019-05-31,18,11
금천구,2019-06-01,28,21
금천구,2019-06-02,29,20
금천구,2019-06-03,33,21
금천구,2019-06-04,25,18
금천구,2019-06-05,42,30
금천구,2019-06-06,44,30
금천구,2019-06-07,14,10
금천구,2019-06-08,24,17
금천구,2019-06-09,31,25
금천구,2019-06-10,13,9
금천구,2019-06-11,14,9
금천구,2019-06-12,26,16
금천구,2019-06-13,25,17
금천구,2019-06-14,29,20
금천구,2019-06-15,29,18
금천구,2019-06-16,15,11
금천구,2019-06-17,20,12
금천구,2019-06-18,23,17
금천구,2019-06-19,29,21
금천구,2019-06-20,22,17
금천구,2019-06-21,22,16
금천구,2019-06-22,13,7
금천구,2019-06-23,11,8
금천구,2019-06-24,19,13
금천구,2019-06-25,29,20
금천구,2019-06-26,31,22
금천구,2019-06-27,19,13
금천구,2019-06-28,35,26
금천구,2019-06-29,24,19
금천구,2019-06-30,30,23
금천구,2019-07-01,30,22
금천구,2019-07-02,26,19
금천구,2019-07-03,30,21
금천구,2019-07-04,28,19
금천구,2019-07-05,34,24
금천구,2019-07-06,29,21
금천구,2019-07-07,18,13
금천구,2019-07-08,9,6
금천구,2019-07-09,10,6
금천구,2019-07-10,10,6
금천구,2019-07-11,9,4
금천구,2019-07-12,13,8
금천구,2019-07-13,25,20
금천구,2019-07-14,41,33
금천구,2019-07-15,44,33
금천구,2019-07-16,36,25
금천구,2019-07-17,58,42
금천구,2019-07-18,60,47
금천구,2019-07-19,25,18
금천구,2019-07-20,7,4
금천구,2019-07-21,14,9
금천구,2019-07-22,40,30
금천구,2019-07-23,24,16
금천구,2019-07-24,24,16
금천구,2019-07-25,29,20
금천구,2019-07-26,18,13
금천구,2019-07-27,18,13
금천구,2019-07-28,15,10
금천구,2019-07-29,14,8
금천구,2019-07-30,18,10
금천구,2019-07-31,19,11
금천구,2019-08-01,14,9
금천구,2019-08-02,20,13
금천구,2019-08-03,23,15
금천구,2019-08-04,36,25
금천구,2019-08-05,41,30
금천구,2019-08-06,29,21
금천구,2019-08-07,21,15
금천구,2019-08-08,39,29
금천구,2019-08-09,25,17
금천구,2019-08-10,22,14
금천구,2019-08-11,15,11
금천구,2019-08-12,17,13
금천구,2019-08-13,26,17
금천구,2019-08-14,24,15
금천구,2019-08-15,8,4
금천구,2019-08-16,17,9
금천구,2019-08-17,29,19
금천구,2019-08-18,19,12
금천구,2019-08-19,23,15
금천구,2019-08-20,28,20
금천구,2019-08-21,31,24
금천구,2019-08-22,40,29
금천구,2019-08-23,30,19
금천구,2019-08-24,20,11
금천구,2019-08-25,18,11
금천구,2019-08-26,24,17
금천구,2019-08-27,27,20
금천구,2019-08-28,24,17
금천구,2019-08-29,28,20
금천구,2019-08-30,16,9
금천구,2019-08-31,16,10
금천구,2019-09-01,18,13
금천구,2019-09-02,25,16
금천구,2019-09-03,21,15
금천구,2019-09-04,8,5
금천구,2019-09-05,11,7
금천구,2019-09-06,16,10
금천구,2019-09-07,13,5
금천구,2019-09-08,36,21
금천구,2019-09-09,16,21
금천구,2019-09-10,15,11
금천구,2019-09-11,8,5
금천구,2019-09-12,8,5
금천구,2019-09-13,14,8
금천구,2019-09-14,16,10
금천구,2019-09-15,16,12
금천구,2019-09-16,12,6
금천구,2019-09-17,16,9
금천구,2019-09-18,27,11
금천구,2019-09-19,24,10
금천구,2019-09-20,21,10
금천구,2019-09-21,12,7
금천구,2019-09-22,5,4
금천구,2019-09-23,12,6
금천구,2019-09-24,20,11
금천구,2019-09-25,25,16
금천구,2019-09-26,25,17
금천구,2019-09-27,19,12
금천구,2019-09-28,25,18
금천구,2019-09-29,35,26
금천구,2019-09-30,48,34
금천구,2019-10-01,48,35
금천구,2019-10-02,17,13
금천구,2019-10-03,8,5
금천구,2019-10-04,29,20
금천구,2019-10-05,37,22
금천구,2019-10-06,10,5
금천구,2019-10-07,11,7
금천구,2019-10-08,22,7
금천구,2019-10-09,23,11
금천구,2019-10-10,26,14
금천구,2019-10-11,31,19
금천구,2019-10-12,23,12
금천구,2019-10-13,19,10
금천구,2019-10-14,32,16
금천구,2019-10-15,22,10
금천구,2019-10-16,27,16
금천구,2019-10-17,27,16
금천구,2019-10-18,16,10
금천구,2019-10-19,22,12
금천구,2019-10-20,36,24
금천구,2019-10-21,38,25
금천구,2019-10-22,38,26
금천구,2019-10-23,24,16
금천구,2019-10-24,25,15
금천구,2019-10-25,22,13
금천구,2019-10-26,22,15
금천구,2019-10-27,21,14
금천구,2019-10-28,23,16
금천구,2019-10-29,84,22
금천구,2019-10-30,22,11
금천구,2019-10-31,64,24
금천구,2019-11-01,82,31
금천구,2019-11-02,60,35
금천구,2019-11-03,52,37
금천구,2019-11-04,15,10
금천구,2019-11-05,29,19
금천구,2019-11-06,42,27
금천구,2019-11-07,42,22
금천구,2019-11-08,39,19
금천구,2019-11-09,40,24
금천구,2019-11-10,34,24
금천구,2019-11-11,22,13
금천구,2019-11-12,33,20
금천구,2019-11-13,32,22
금천구,2019-11-14,21,8
금천구,2019-11-15,23,14
금천구,2019-11-16,28,21
금천구,2019-11-17,25,18
금천구,2019-11-18,61,15
금천구,2019-11-19,28,10
금천구,2019-11-20,24,14
금천구,2019-11-21,33,18
금천구,2019-11-22,39,22
금천구,2019-11-23,31,21
금천구,2019-11-24,23,17
금천구,2019-11-25,26,17
금천구,2019-11-26,25,17
금천구,2019-11-27,37,22
금천구,2019-11-28,36,23
금천구,2019-11-29,40,27
금천구,2019-11-30,39,30
금천구,2019-12-01,40,36
금천구,2019-12-02,22,15
금천구,2019-12-03,26,20
금천구,2019-12-04,26,18
금천구,2019-12-05,23,15
금천구,2019-12-06,30,20
금천구,2019-12-07,43,36
금천구,2019-12-08,46,40
금천구,2019-12-09,46,41
금천구,2019-12-10,87,79
금천구,2019-12-11,68,57
금천구,2019-12-12,21,18
금천구,2019-12-13,23,18
금천구,2019-12-14,36,30
금천구,2019-12-15,34,31
금천구,2019-12-16,33,26
금천구,2019-12-17,23,20
금천구,2019-12-18,35,30
금천구,2019-12-19,22,17
금천구,2019-12-20,27,23
금천구,2019-12-21,27,24
금천구,2019-12-22,48,46
금천구,2019-12-23,41,41
금천구,2019-12-24,64,61
금천구,2019-12-25,43,40
금천구,2019-12-26,46,41
금천구,2019-12-27,29,25
금천구,2019-12-28,34,24
금천구,2019-12-29,39,31
금천구,2019-12-30,31,28
금천구,2019-12-31,23,18
금천구,2020-01-01,29,27
금천구,2020-01-02,53,46
금천구,2020-01-03,64,55
금천구,2020-01-04,48,43
금천구,2020-01-05,45,41
금천구,2020-01-06,34,31
금천구,2020-01-07,6,6
금천구,2020-01-08,29,25
금천구,2020-01-09,52,44
금천구,2020-01-10,68,56
금천구,2020-01-11,53,42
금천구,2020-01-12,47,37
금천구,2020-01-13,26,18
금천구,2020-01-14,36,26
금천구,2020-01-15,42,30
금천구,2020-01-16,42,30
금천구,2020-01-17,62,43
금천구,2020-01-18,70,47
금천구,2020-01-19,38,51
금천구,2020-01-20,45,34
금천구,2020-01-21,50,33
금천구,2020-01-22,45,30
금천구,2020-01-23,60,42
금천구,2020-01-24,74,56
금천구,2020-01-25,56,45
금천구,2020-01-26,33,27
금천구,2020-01-27,12,7
금천구,2020-01-28,13,8
금천구,2020-01-29,17,9
금천구,2020-01-30,20,12
금천구,2020-01-31,35,28
금천구,2020-02-01,70,56
금천구,2020-02-02,69,56
금천구,2020-02-03,28,20
금천구,2020-02-04,25,18
금천구,2020-02-05,22,13
금천구,2020-02-06,41,24
금천구,2020-02-07,38,26
금천구,2020-02-08,41,31
금천구,2020-02-09,39,29
금천구,2020-02-10,47,31
금천구,2020-02-11,52,34
금천구,2020-02-12,43,32
금천구,2020-02-13,66,51
금천구,2020-02-14,83,65
금천구,2020-02-15,68,54
금천구,2020-02-16,26,20
금천구,2020-02-17,32,20
금천구,2020-02-18,25,18
금천구,2020-02-19,32,25
금천구,2020-02-20,60,47
금천구,2020-02-21,50,40
금천구,2020-02-22,74,41
금천구,2020-02-23,25,14
금천구,2020-02-24,31,19
금천구,2020-02-25,19,12
금천구,2020-02-26,15,9
금천구,2020-02-27,16,10
금천구,2020-02-28,27,21
금천구,2020-02-29,23,17
금천구,2020-03-01,46,35
금천구,2020-03-02,40,31
금천구,2020-03-03,46,36
금천구,2020-03-04,46,36
금천구,2020-03-05,37,29
금천구,2020-03-06,38,27
금천구,2020-03-07,57,42
금천구,2020-03-08,60,49
금천구,2020-03-09,52,41
금천구,2020-03-10,45,35
금천구,2020-03-11,32,15
금천구,2020-03-12,30,14
금천구,2020-03-13,30,15
금천구,2020-03-14,36,20
금천구,2020-03-15,40,20
금천구,2020-03-16,24,14
금천구,2020-03-17,47,25
금천구,2020-03-18,54,34
금천구,2020-03-19,53,27
금천구,2020-03-20,38,10
금천구,2020-03-21,45,17
금천구,2020-03-22,39,17
금천구,2020-03-23,45,28
금천구,2020-03-24,56,37
금천구,2020-03-25,48,32
금천구,2020-03-26,42,27
금천구,2020-03-27,40,22
금천구,2020-03-28,31,9
금천구,2020-03-29,40,18
금천구,2020-03-30,48,27
금천구,2020-03-31,44,26
금천구,2020-04-01,61,29
금천구,2020-04-02,37,26
금천구,2020-04-03,52,32
금천구,2020-04-04,61,29
금천구,2020-04-05,42,22
금천구,2020-04-06,45,20
금천구,2020-04-07,47,24
금천구,2020-04-08,37,19
금천구,2020-04-09,46,26
금천구,2020-04-10,42,27
금천구,2020-04-11,32,21
금천구,2020-04-12,27,18
금천구,2020-04-13,23,13
금천구,2020-04-14,45,28
금천구,2020-04-15,56,35
금천구,2020-04-16,47,29
금천구,2020-04-17,37,21
금천구,2020-04-18,29,14
금천구,2020-04-19,22,15
금천구,2020-04-20,14,8
금천구,2020-04-21,30,10
금천구,2020-04-22,68,10
금천구,2020-04-23,38,12
금천구,2020-04-24,34,12
금천구,2020-04-25,51,22
금천구,2020-04-26,28,16
금천구,2020-04-27,31,18
금천구,2020-04-28,33,19
금천구,2020-04-29,37,22
금천구,2020-04-30,30,17
금천구,2020-05-01,44,28
금천구,2020-05-02,43,27
금천구,2020-05-03,27,18
금천구,2020-05-04,30,17
금천구,2020-05-05,34,19
금천구,2020-05-06,29,17
금천구,2020-05-07,24,13
금천구,2020-05-08,21,12
금천구,2020-05-09,13,10
금천구,2020-05-10,24,19
금천구,2020-05-11,96,26
금천구,2020-05-12,38,15
금천구,2020-05-13,26,10
금천구,2020-05-14,32,11
금천구,2020-05-15,27,11
금천구,2020-05-16,20,14
금천구,2020-05-17,33,23
금천구,2020-05-18,42,28
금천구,2020-05-19,13,8
금천구,2020-05-20,9,5
금천구,2020-05-21,18,11
금천구,2020-05-22,35,25
금천구,2020-05-23,45,33
금천구,2020-05-24,24,18
금천구,2020-05-25,35,28
금천구,2020-05-26,35,26
금천구,2020-05-27,22,14
금천구,2020-05-28,23,15
금천구,2020-05-29,31,20
금천구,2020-05-30,35,26
금천구,2020-05-31,34,26
금천구,2020-06-01,17,10
금천구,2020-06-02,20,12
금천구,2020-06-03,38,22
금천구,2020-06-04,39,22
금천구,2020-06-05,48,27
금천구,2020-06-06,57,36
금천구,2020-06-07,43,26
금천구,2020-06-08,40,23
금천구,2020-06-09,44,23
금천구,2020-06-10,39,22
금천구,2020-06-11,27,17
금천구,2020-06-12,38,20
금천구,2020-06-13,44,26
금천구,2020-06-14,37,22
금천구,2020-06-15,24,14
금천구,2020-06-16,52,37
금천구,2020-06-17,44,30
금천구,2020-06-18,32,20
금천구,2020-06-19,25,16
금천구,2020-06-20,35,24
금천구,2020-06-21,32,22
금천구,2020-06-22,37,24
금천구,2020-06-23,38,26
금천구,2020-06-24,26,20
금천구,2020-06-25,16,11
금천구,2020-06-26,20,14
금천구,2020-06-27,22,16
금천구,2020-06-28,27,19
금천구,2020-06-29,34,25
금천구,2020-06-30,9,6
금천구,2020-07-01,21,14
금천구,2020-07-02,52,40
금천구,2020-07-03,34,25
금천구,2020-07-04,24,18
금천구,2020-07-05,30,25
금천구,2020-07-06,26,20
금천구,2020-07-07,17,12
금천구,2020-07-08,29,20
금천구,2020-07-09,40,29
금천구,2020-07-10,17,12
금천구,2020-07-11,8,5
금천구,2020-07-12,11,8
금천구,2020-07-13,6,4
금천구,2020-07-14,5,3
금천구,2020-07-15,11,6
금천구,2020-07-16,26,16
금천구,2020-07-17,33,21
금천구,2020-07-18,39,27
금천구,2020-07-19,21,16
금천구,2020-07-20,19,11
금천구,2020-07-21,29,20
금천구,2020-07-22,25,17
금천구,2020-07-23,18,12
금천구,2020-07-24,5,3
금천구,2020-07-25,6,2
금천구,2020-07-26,10,6
금천구,2020-07-27,24,17
금천구,2020-07-28,16,9
금천구,2020-07-29,14,8
금천구,2020-07-30,25,16
금천구,2020-07-31,25,18
금천구,2020-08-01,20,13
금천구,2020-08-02,15,9
금천구,2020-08-03,18,12
금천구,2020-08-04,42,29
금천구,2020-08-05,36,25
금천구,2020-08-06,16,9
금천구,2020-08-07,25,16
금천구,2020-08-08,14,8
금천구,2020-08-09,12,7
금천구,2020-08-10,15,8
금천구,2020-08-11,11,7
금천구,2020-08-12,26,15
금천구,2020-08-13,27,14
금천구,2020-08-14,34,19
금천구,2020-08-15,43,28
금천구,2020-08-16,23,14
금천구,2020-08-17,25,17
금천구,2020-08-18,35,23
금천구,2020-08-19,42,28
금천구,2020-08-20,38,27
금천구,2020-08-21,31,22
금천구,2020-08-22,21,14
금천구,2020-08-23,15,9
금천구,2020-08-24,23,16
금천구,2020-08-25,34,24
금천구,2020-08-26,25,18
금천구,2020-08-27,22,14
금천구,2020-08-28,25,17
금천구,2020-08-29,20,13
금천구,2020-08-30,17,11
금천구,2020-08-31,12,5
금천구,2020-09-01,20,12
금천구,2020-09-02,16,10
금천구,2020-09-03,12,6
금천구,2020-09-04,20,11
금천구,2020-09-05,36,25
금천구,2020-09-06,22,16
금천구,2020-09-07,6,4
금천구,2020-09-08,24,13
금천구,2020-09-09,34,24
금천구,2020-09-10,30,21
금천구,2020-09-11,30,21
금천구,2020-09-12,13,9
금천구,2020-09-13,10,5
금천구,2020-09-14,22,14
금천구,2020-09-15,35,24
금천구,2020-09-16,28,20
금천구,2020-09-17,21,10
금천구,2020-09-18,20,9
금천구,2020-09-19,18,10
금천구,2020-09-20,18,12
금천구,2020-09-21,28,18
금천구,2020-09-22,18,11
금천구,2020-09-23,10,5
금천구,2020-09-24,10,5
금천구,2020-09-25,15,9
금천구,2020-09-26,15,9
금천구,2020-09-27,16,11
금천구,2020-09-28,24,15
금천구,2020-09-29,32,20
금천구,2020-09-30,38,27
금천구,2020-10-01,21,15
금천구,2020-10-02,32,22
금천구,2020-10-03,34,21
금천구,2020-10-04,24,14
금천구,2020-10-05,23,10
금천구,2020-10-06,21,12
금천구,2020-10-07,25,16
금천구,2020-10-08,16,11
금천구,2020-10-09,17,11
금천구,2020-10-10,22,14
금천구,2020-10-11,29,20
금천구,2020-10-12,36,22
금천구,2020-10-13,26,13
금천구,2020-10-14,30,16
금천구,2020-10-15,35,20
금천구,2020-10-16,34,21
금천구,2020-10-17,27,19
금천구,2020-10-18,25,17
금천구,2020-10-19,57,34
금천구,2020-10-20,63,38
금천구,2020-10-21,48,32
금천구,2020-10-22,56,25
금천구,2020-10-23,23,10
금천구,2020-10-24,25,12
금천구,2020-10-25,31,19
금천구,2020-10-26,46,28
금천구,2020-10-27,71,49
금천구,2020-10-28,43,26
금천구,2020-10-29,40,23
금천구,2020-10-30,46,27
금천구,2020-10-31,28,18
금천구,2020-11-01,52,39
금천구,2020-11-02,50,26
금천구,2020-11-03,21,10
금천구,2020-11-04,31,14
금천구,2020-11-05,34,18
금천구,2020-11-06,49,35
금천구,2020-11-07,84,45
금천구,2020-11-08,53,17
금천구,2020-11-09,25,9
금천구,2020-11-10,26,10
금천구,2020-11-11,42,20
금천구,2020-11-12,64,44
금천구,2020-11-13,78,55
금천구,2020-11-14,75,50
금천구,2020-11-15,80,58
금천구,2020-11-16,62,40
금천구,2020-11-17,65,45
금천구,2020-11-18,34,24
금천구,2020-11-19,19,10
금천구,2020-11-20,24,14
금천구,2020-11-21,31,22
금천구,2020-11-22,28,20
금천구,2020-11-23,27,16
금천구,2020-11-24,26,15
금천구,2020-11-25,34,22
금천구,2020-11-26,63,41
금천구,2020-11-27,43,27
금천구,2020-11-28,25,14
금천구,2020-11-29,27,16
금천구,2020-11-30,32,19
금천구,2020-12-01,37,22
금천구,2020-12-02,34,18
금천구,2020-12-03,28,17
금천구,2020-12-04,31,19
금천구,2020-12-05,37,24
금천구,2020-12-06,45,32
금천구,2020-12-07,58,41
금천구,2020-12-08,27,15
금천구,2020-12-09,38,24
금천구,2020-12-10,64,45
금천구,2020-12-11,103,70
금천구,2020-12-12,59,37
금천구,2020-12-13,36,25
금천구,2020-12-14,25,12
금천구,2020-12-15,21,11
금천구,2020-12-16,22,13
금천구,2020-12-17,30,17
금천구,2020-12-18,34,23
금천구,2020-12-19,30,15
금천구,2020-12-20,29,17
금천구,2020-12-21,39,27
금천구,2020-12-22,52,39
금천구,2020-12-23,68,49
금천구,2020-12-24,63,37
금천구,2020-12-25,29,16
금천구,2020-12-26,59,34
금천구,2020-12-27,64,41
금천구,2020-12-28,59,41
금천구,2020-12-29,69,49
금천구,2020-12-30,34,15
금천구,2020-12-31,29,14
금천구,2021-01-01,28,19
금천구,2021-01-02,33,14
금천구,2021-01-03,40,17
금천구,2021-01-04,40,23
금천구,2021-01-05,30,18
금천구,2021-01-06,27,15
금천구,2021-01-07,30,13
금천구,2021-01-08,21,12
금천구,2021-01-09,26,17
금천구,2021-01-10,34,25
금천구,2021-01-11,49,36
금천구,2021-01-12,59,45
금천구,2021-01-13,101,40
금천구,2021-01-14,82,34
금천구,2021-01-15,68,30
금천구,2021-01-16,59,39
금천구,2021-01-17,21,14
금천구,2021-01-18,41,21
금천구,2021-01-19,35,19
금천구,2021-01-20,45,28
금천구,2021-01-21,49,35
금천구,2021-01-22,44,35
금천구,2021-01-23,12,9
금천구,2021-01-24,15,13
금천구,2021-01-25,25,16
금천구,2021-01-26,38,28
금천구,2021-01-27,40,20
금천구,2021-01-28,34,17
금천구,2021-01-29,24,12
금천구,2021-01-30,55,27
금천구,2021-01-31,56,30
금천구,2021-02-01,65,36
금천구,2021-02-02,33,18
금천구,2021-02-03,34,21
금천구,2021-02-04,27,16
금천구,2021-02-05,28,18
금천구,2021-02-06,64,42
금천구,2021-02-07,89,60
금천구,2021-02-08,28,18
금천구,2021-02-09,29,20
금천구,2021-02-10,38,26
금천구,2021-02-11,74,56
금천구,2021-02-12,112,88
금천구,2021-02-13,112,86
금천구,2021-02-14,103,80
금천구,2021-02-15,57,40
금천구,2021-02-16,23,14
금천구,2021-02-17,35,13
금천구,2021-02-18,44,16
금천구,2021-02-19,43,24
금천구,2021-02-20,69,41
금천구,2021-02-21,70,43
금천구,2021-02-22,52,26
금천구,2021-02-23,49,16
금천구,2021-02-24,57,27
금천구,2021-02-25,57,34
금천구,2021-02-26,34,22
금천구,2021-02-27,27,20
금천구,2021-02-28,27,18
금천구,2021-03-01,16,11
금천구,2021-03-02,14,9
금천구,2021-03-03,40,25
금천구,2021-03-04,42,28
금천구,2021-03-05,38,25
금천구,2021-03-06,32,22
금천구,2021-03-07,28,18
금천구,2021-03-08,49,33
금천구,2021-03-09,51,33
금천구,2021-03-10,95,70
금천구,2021-03-11,128,94
금천구,2021-03-12,74,53
금천구,2021-03-13,50,34
금천구,2021-03-14,79,60
금천구,2021-03-15,81,62
금천구,2021-03-16,88,17
금천구,2021-03-17,96,20
금천구,2021-03-18,93,40
금천구,2021-03-19,77,35
금천구,2021-03-20,38,21
금천구,2021-03-21,49,36
금천구,2021-03-22,37,17
금천구,2021-03-23,74,30
금천구,2021-03-24,56,26
금천구,2021-03-25,60,32
금천구,2021-03-26,109,73
금천구,2021-03-27,54,32
금천구,2021-03-28,19,14
금천구,2021-03-29,288,54
금천구,2021-03-30,130,26
금천구,2021-03-31,38,18
금천구,2021-04-01,42,18
금천구,2021-04-02,42,14
금천구,2021-04-03,30,13
금천구,2021-04-04,13,8
금천구,2021-04-05,21,12
금천구,2021-04-06,45,27
금천구,2021-04-07,52,33
금천구,2021-04-08,31,15
금천구,2021-04-09,33,19
금천구,2021-04-10,31,19
금천구,2021-04-11,41,24
금천구,2021-04-12,39,25
금천구,2021-04-13,14,8
금천구,2021-04-14,24,13
금천구,2021-04-15,41,21
금천구,2021-04-16,67,18
금천구,2021-04-17,77,15
금천구,2021-04-18,30,14
금천구,2021-04-19,44,20
금천구,2021-04-20,68,39
금천구,2021-04-21,65,34
금천구,2021-04-22,70,39
금천구,2021-04-23,40,22
금천구,2021-04-24,26,15
금천구,2021-04-25,25,15
금천구,2021-04-26,25,13
금천구,2021-04-27,32,17
금천구,2021-04-28,57,26
금천구,2021-04-29,69,23
금천구,2021-04-30,33,17
금천구,2021-05-01,25,14
금천구,2021-05-02,14,8
금천구,2021-05-03,32,20
금천구,2021-05-04,27,18
금천구,2021-05-05,40,11
금천구,2021-05-06,65,21
금천구,2021-05-07,323,62
금천구,2021-05-08,403,67
금천구,2021-05-09,53,13
금천구,2021-05-10,20,11
금천구,2021-05-11,20,11
금천구,2021-05-12,17,11
금천구,2021-05-13,46,29
금천구,2021-05-14,55,37
금천구,2021-05-15,53,39
금천구,2021-05-16,8,6
금천구,2021-05-17,10,6
금천구,2021-05-18,27,16
금천구,2021-05-19,28,18
금천구,2021-05-20,28,18
금천구,2021-05-21,16,12
금천구,2021-05-22,22,14
금천구,2021-05-23,29,20
금천구,2021-05-24,105,30
금천구,2021-05-25,99,27
금천구,2021-05-26,42,17
금천구,2021-05-27,38,19
금천구,2021-05-28,38,25
금천구,2021-05-29,23,14
금천구,2021-05-30,28,17
금천구,2021-05-31,30,18
금천구,2021-06-01,35,23
금천구,2021-06-02,45,29
금천구,2021-06-03,30,19
금천구,2021-06-04,23,12
금천구,2021-06-05,42,24
금천구,2021-06-06,58,36
금천구,2021-06-07,36,20
금천구,2021-06-08,40,26
금천구,2021-06-09,44,30
금천구,2021-06-10,57,44
금천구,2021-06-11,21,15
금천구,2021-06-12,24,17
금천구,2021-06-13,30,20
금천구,2021-06-14,38,26
금천구,2021-06-15,27,20
금천구,2021-06-16,11,7
금천구,2021-06-17,18,12
금천구,2021-06-18,17,13
금천구,2021-06-19,42,29
금천구,2021-06-20,48,33
금천구,2021-06-21,46,30
금천구,2021-06-22,31,21
금천구,2021-06-23,22,16
금천구,2021-06-24,34,23
금천구,2021-06-25,36,25
금천구,2021-06-26,24,18
금천구,2021-06-27,21,15
금천구,2021-06-28,25,18
금천구,2021-06-29,33,23
금천구,2021-06-30,39,29
금천구,2021-07-01,46,35
금천구,2021-07-02,31,24
금천구,2021-07-03,15,12
금천구,2021-07-04,12,9
금천구,2021-07-05,22,15
금천구,2021-07-06,40,29
금천구,2021-07-07,35,28
금천구,2021-07-08,19,14
금천구,2021-07-09,16,10
금천구,2021-07-10,24,18
금천구,2021-07-11,32,23
금천구,2021-07-12,35,26
금천구,2021-07-13,33,22
금천구,2021-07-14,21,13
금천구,2021-07-15,18,12
금천구,2021-07-16,24,17
금천구,2021-07-17,21,14
금천구,2021-07-18,15,10
금천구,2021-07-19,15,9
금천구,2021-07-20,22,15
금천구,2021-07-21,26,19
금천구,2021-07-22,25,18
금천구,2021-07-23,30,23
금천구,2021-07-24,29,23
금천구,2021-07-25,20,16
금천구,2021-07-26,19,14
금천구,2021-07-27,27,19
금천구,2021-07-28,38,29
금천구,2021-07-29,44,33
금천구,2021-07-30,24,17
금천구,2021-07-31,21,16
금천구,2021-08-01,33,26
금천구,2021-08-02,14,8
금천구,2021-08-03,20,13
금천구,2021-08-04,20,13
금천구,2021-08-05,23,18
금천구,2021-08-06,19,14
금천구,2021-08-07,15,9
금천구,2021-08-08,22,17
금천구,2021-08-09,14,9
금천구,2021-08-10,16,11
금천구,2021-08-11,33,26
금천구,2021-08-12,37,30
금천구,2021-08-13,33,25
금천구,2021-08-14,15,10
금천구,2021-08-15,14,10
금천구,2021-08-16,18,13
금천구,2021-08-17,16,11
금천구,2021-08-18,11,6
금천구,2021-08-19,15,9
금천구,2021-08-20,17,10
금천구,2021-08-21,11,6
금천구,2021-08-22,21,12
금천구,2021-08-23,22,14
금천구,2021-08-24,10,5
금천구,2021-08-25,19,10
금천구,2021-08-26,38,21
금천구,2021-08-27,36,20
금천구,2021-08-28,34,18
금천구,2021-08-29,27,17
금천구,2021-08-30,41,24
금천구,2021-08-31,30,20
금천구,2021-09-01,6,3
금천구,2021-09-02,8,3
금천구,2021-09-03,16,9
금천구,2021-09-04,9,6
금천구,2021-09-05,9,6
금천구,2021-09-06,13,7
금천구,2021-09-07,8,7
금천구,2021-09-08,11,6
금천구,2021-09-09,31,19
금천구,2021-09-10,34,23
금천구,2021-09-11,31,22
금천구,2021-09-12,24,16
금천구,2021-09-13,26,17
금천구,2021-09-14,23,15
금천구,2021-09-15,12,7
금천구,2021-09-16,12,7
금천구,2021-09-17,10,6
금천구,2021-09-18,12,6
금천구,2021-09-19,16,12
금천구,2021-09-20,12,9
금천구,2021-09-21,18,12
금천구,2021-09-22,12,6
금천구,2021-09-23,15,8
금천구,2021-09-24,21,14
금천구,2021-09-25,10,6
금천구,2021-09-26,10,6
금천구,2021-09-27,9,4
금천구,2021-09-28,10,6
금천구,2021-09-29,13,8
금천구,2021-09-30,21,11
금천구,2021-10-01,38,21
금천구,2021-10-02,25,13
금천구,2021-10-03,34,20
금천구,2021-10-04,36,16
금천구,2021-10-05,38,13
금천구,2021-10-06,10,4
금천구,2021-10-07,13,6
금천구,2021-10-08,19,12
금천구,2021-10-09,13,7
금천구,2021-10-10,22,14
금천구,2021-10-11,27,8
금천구,2021-10-12,10,4
금천구,2021-10-13,11,5
금천구,2021-10-14,20,9
금천구,2021-10-15,24,14
금천구,2021-10-16,30,9
금천구,2021-10-17,21,6
금천구,2021-10-18,19,8
금천구,2021-10-19,26,17
금천구,2021-10-20,28,17
금천구,2021-10-21,30,20
금천구,2021-10-22,39,23
금천구,2021-10-23,39,23
금천구,2021-10-24,26,18
금천구,2021-10-25,26,16
금천구,2021-10-26,36,24
금천구,2021-10-27,45,28
금천구,2021-10-28,23,12
금천구,2021-10-29,21,10
금천구,2021-10-30,22,13
금천구,2021-10-31,27,18
금천구,2021-11-01,31,22
금천구,2021-11-02,40,29
금천구,2021-11-03,43,29
금천구,2021-11-04,41,30
금천구,2021-11-05,60,40
금천구,2021-11-06,52,34
금천구,2021-11-07,33,21
금천구,2021-11-08,8,4
금천구,2021-11-09,7,5
금천구,2021-11-10,12,8
금천구,2021-11-11,15,7
금천구,2021-11-12,17,9
금천구,2021-11-13,23,12
금천구,2021-11-14,49,25
금천구,2021-11-15,57,24
금천구,2021-11-16,52,25
금천구,2021-11-17,33,20
금천구,2021-11-18,54,26
금천구,2021-11-19,96,57
금천구,2021-11-20,158,100
금천구,2021-11-21,116,83
금천구,2021-11-22,40,15
금천구,2021-11-23,28,11
금천구,2021-11-24,25,13
금천구,2021-11-25,46,21
금천구,2021-11-26,25,15
금천구,2021-11-27,39,24
금천구,2021-11-28,42,31
금천구,2021-11-29,49,34
금천구,2021-11-30,17,11
금천구,2021-12-01,15,8
금천구,2021-12-02,21,12
금천구,2021-12-03,20,8
금천구,2021-12-04,21,11
금천구,2021-12-05,36,26
금천구,2021-12-06,48,32
금천구,2021-12-07,57,39
금천구,2021-12-08,36,23
금천구,2021-12-09,38,23
금천구,2021-12-10,28,17
금천구,2021-12-11,72,48
금천구,2021-12-12,46,28
금천구,2021-12-13,20,9
금천구,2021-12-14,27,16
금천구,2021-12-15,77,52
금천구,2021-12-16,95,65
금천구,2021-12-17,38,20
금천구,2021-12-18,22,10
금천구,2021-12-19,30,13
금천구,2021-12-20,50,26
금천구,2021-12-21,58,32
금천구,2021-12-22,30,15
금천구,2021-12-23,44,27
금천구,2021-12-24,47,31
금천구,2021-12-25,22,11
금천구,2021-12-26,15,8
금천구,2021-12-27,30,18
금천구,2021-12-28,52,40
금천구,2021-12-29,62,47
금천구,2021-12-30,29,15
금천구,2021-12-31,22,5
금천구,2022-01-01,26,16
금천구,2022-01-02,34,17
금천구,2022-01-03,22,13
금천구,2022-01-04,33,16
금천구,2022-01-05,48,24
금천구,2022-01-06,53,28
금천구,2022-01-07,68,27
금천구,2022-01-08,53,41
금천구,2022-01-09,128,100
금천구,2022-01-10,94,74
금천구,2022-01-11,32,21
금천구,2022-01-12,29,20
금천구,2022-01-13,29,15
금천구,2022-01-14,31,19
금천구,2022-01-15,39,28
금천구,2022-01-16,41,27
금천구,2022-01-17,25,15
금천구,2022-01-18,37,22
금천구,2022-01-19,42,32
금천구,2022-01-20,37,29
금천구,2022-01-21,48,37
금천구,2022-01-22,59,48
금천구,2022-01-23,70,56
금천구,2022-01-24,20,17
금천구,2022-01-25,30,22
금천구,2022-01-26,59,44
금천구,2022-01-27,60,43
금천구,2022-01-28,32,22
금천구,2022-01-29,28,19
금천구,2022-01-30,32,21
금천구,2022-01-31,28,22
금천구,2022-02-01,44,36
금천구,2022-02-02,28,23
금천구,2022-02-03,20,15
금천구,2022-02-04,20,14
금천구,2022-02-05,25,11
금천구,2022-02-06,20,13
금천구,2022-02-07,24,15
금천구,2022-02-08,30,18
금천구,2022-02-09,39,27
금천구,2022-02-10,47,33
금천구,2022-02-11,88,67
금천구,2022-02-12,94,73
금천구,2022-02-13,57,40
금천구,2022-02-14,47,34
금천구,2022-02-15,33,23
금천구,2022-02-16,27,19
금천구,2022-02-17,30,20
금천구,2022-02-18,41,29
금천구,2022-02-19,43,30
금천구,2022-02-20,27,14
금천구,2022-02-21,24,13
금천구,2022-02-22,28,15
금천구,2022-02-23,24,12
금천구,2022-02-24,26,16
금천구,2022-02-25,66,48
금천구,2022-02-26,68,47
금천구,2022-02-27,44,24
금천구,2022-02-28,35,15
금천구,2022-03-01,35,21
금천구,2022-03-02,26,14
금천구,2022-03-03,45,25
금천구,2022-03-04,78,39
금천구,2022-03-05,95,17
금천구,2022-03-06,36,7
금천구,2022-03-07,35,17
금천구,2022-03-08,44,22
금천구,2022-03-09,72,45
금천구,2022-03-10,57,36
금천구,2022-03-11,68,39
금천구,2022-03-12,65,38
금천구,2022-03-13,19,12
금천구,2022-03-14,19,11
금천구,2022-03-15,44,32
금천구,2022-03-16,61,34
금천구,2022-03-17,48,24
금천구,2022-03-18,6,3
금천구,2022-03-19,7,5
금천구,2022-03-20,22,15
금천구,2022-03-21,24,14
금천구,2022-03-22,34,23
금천구,2022-03-23,30,18
금천구,2022-03-24,40,25
금천구,2022-03-25,58,40
금천구,2022-03-26,8,4
금천구,2022-03-27,26,10
금천구,2022-03-28,31,13
금천구,2022-03-29,35,15
금천구,2022-03-30,33,14
금천구,2022-03-31,18,9
금천구,2022-04-01,14,6
금천구,2022-04-02,23,15
금천구,2022-04-03,46,30
금천구,2022-04-04,45,28
금천구,2022-04-05,41,28
금천구,2022-04-06,54,30
금천구,2022-04-07,32,9
금천구,2022-04-08,44,20
금천구,2022-04-09,45,21
금천구,2022-04-10,38,19
금천구,2022-04-11,32,15
금천구,2022-04-12,26,14
금천구,2022-04-13,11,6
금천구,2022-04-14,9,4
금천구,2022-04-15,18,8
금천구,2022-04-16,33,18
금천구,2022-04-17,47,27
금천구,2022-04-18,51,32
금천구,2022-04-19,63,40
금천구,2022-04-20,63,43
금천구,2022-04-21,45,27
금천구,2022-04-22,50,24
금천구,2022-04-23,56,37
금천구,2022-04-24,49,30
금천구,2022-04-25,55,35
금천구,2022-04-26,41,21
금천구,2022-04-27,140,14
금천구,2022-04-28,64,16
금천구,2022-04-29,11,4
금천구,2022-04-30,16,8
금천구,2022-05-01,36,14
금천구,2022-05-02,43,19
금천구,2022-05-03,33,19
금천구,2022-05-04,33,17
금천구,2022-05-05,30,15
금천구,2022-05-06,32,17
금천구,2022-05-07,26,11
금천구,2022-05-08,18,8
금천구,2022-05-09,14,6
금천구,2022-05-10,21,11
금천구,2022-05-11,27,14
금천구,2022-05-12,32,15
금천구,2022-05-13,29,13
금천구,2022-05-14,28,10
금천구,2022-05-15,19,8
금천구,2022-05-16,25,11
금천구,2022-05-17,49,26
금천구,2022-05-18,53,31
금천구,2022-05-19,37,17
금천구,2022-05-20,33,20
금천구,2022-05-21,28,16
금천구,2022-05-22,34,20
금천구,2022-05-23,58,36
금천구,2022-05-24,27,15
금천구,2022-05-25,22,11
금천구,2022-05-26,19,5
금천구,2022-05-27,21,8
금천구,2022-05-28,30,16
금천구,2022-05-29,26,17
금천구,2022-05-30,24,15
금천구,2022-05-31,20,7
금천구,2022-06-01,19,6
금천구,2022-06-02,22,11
금천구,2022-06-03,34,21
금천구,2022-06-04,33,20
금천구,2022-06-05,21,14
금천구,2022-06-06,6,3
금천구,2022-06-07,8,3
금천구,2022-06-08,15,8
금천구,2022-06-09,21,11
금천구,2022-06-10,26,16
금천구,2022-06-11,21,12
금천구,2022-06-12,20,12
금천구,2022-06-13,24,15
금천구,2022-06-14,11,4
금천구,2022-06-15,11,5
금천구,2022-06-16,13,6
금천구,2022-06-17,25,16
금천구,2022-06-18,18,8
금천구,2022-06-19,18,10
금천구,2022-06-20,18,10
금천구,2022-06-21,19,8
금천구,2022-06-22,23,12
금천구,2022-06-23,27,16
금천구,2022-06-24,18,10
금천구,2022-06-25,47,31
금천구,2022-06-26,23,11
금천구,2022-06-27,10,3
금천구,2022-06-28,14,3
금천구,2022-06-29,13,4
금천구,2022-06-30,6,2
금천구,2022-07-01,15,4
금천구,2022-07-02,24,14
금천구,2022-07-03,37,26
금천구,2022-07-04,31,23
금천구,2022-07-05,41,29
금천구,2022-07-06,36,26
금천구,2022-07-07,18,8
금천구,2022-07-08,24,14
금천구,2022-07-09,28,19
금천구,2022-07-10,37,26
금천구,2022-07-11,25,17
금천구,2022-07-12,12,6
금천구,2022-07-13,16,11
금천구,2022-07-14,11,6
금천구,2022-07-15,22,13
금천구,2022-07-16,26,16
금천구,2022-07-17,21,14
금천구,2022-07-18,23,16
금천구,2022-07-19,29,21
금천구,2022-07-20,32,23
금천구,2022-07-21,13,9
금천구,2022-07-22,29,21
금천구,2022-07-23,40,31
금천구,2022-07-24,18,14
금천구,2022-07-25,16,8
금천구,2022-07-26,31,21
금천구,2022-07-27,35,27
금천구,2022-07-28,23,18
금천구,2022-07-29,24,19
금천구,2022-07-30,15,11
금천구,2022-07-31,8,5
금천구,2022-08-01,11,7
금천구,2022-08-02,8,4
금천구,2022-08-03,27,19
금천구,2022-08-04,14,8
금천구,2022-08-05,19,11
금천구,2022-08-06,35,23
금천구,2022-08-07,29,19
금천구,2022-08-08,22,11
금천구,2022-08-09,9,4
금천구,2022-08-10,10,5
금천구,2022-08-11,12,8
금천구,2022-08-12,25,15
금천구,2022-08-13,29,19
금천구,2022-08-14,22,14
금천구,2022-08-15,28,11
금천구,2022-08-16,20,10
금천구,2022-08-17,21,12
금천구,2022-08-18,21,14
금천구,2022-08-19,23,13
금천구,2022-08-20,28,17
금천구,2022-08-21,22,15
금천구,2022-08-22,22,13
금천구,2022-08-23,16,8
금천구,2022-08-24,16,8
금천구,2022-08-25,18,9
금천구,2022-08-26,30,20
금천구,2022-08-27,18,10
금천구,2022-08-28,15,9
금천구,2022-08-29,10,4
금천구,2022-08-30,4,2
금천구,2022-08-31,8,3
금천구,2022-09-01,16,8
금천구,2022-09-02,15,8
금천구,2022-09-03,11,5
금천구,2022-09-04,6,3
금천구,2022-09-05,3,1
금천구,2022-09-06,9,4
금천구,2022-09-07,28,14
금천구,2022-09-08,30,16
금천구,2022-09-09,19,12
금천구,2022-09-10,9,5
금천구,2022-09-11,19,11
금천구,2022-09-12,21,12
금천구,2022-09-13,20,12
금천구,2022-09-14,15,7
금천구,2022-09-15,16,8
금천구,2022-09-16,24,15
금천구,2022-09-17,22,15
금천구,2022-09-18,20,15
금천구,2022-09-19,16,9
금천구,2022-09-20,24,7
금천구,2022-09-21,26,12
금천구,2022-09-22,19,10
금천구,2022-09-23,24,10
금천구,2022-09-24,17,7
금천구,2022-09-25,22,11
금천구,2022-09-26,26,14
금천구,2022-09-27,27,16
금천구,2022-09-28,36,24
금천구,2022-09-29,55,40
금천구,2022-09-30,62,46
금천구,2022-10-01,76,56
금천구,2022-10-02,38,31
금천구,2022-10-03,14,9
금천구,2022-10-04,13,6
금천구,2022-10-05,22,11
금천구,2022-10-06,11,5
금천구,2022-10-07,11,6
금천구,2022-10-08,10,6
금천구,2022-10-09,9,6
금천구,2022-10-10,10,4
금천구,2022-10-11,16,10
금천구,2022-10-12,19,13
금천구,2022-10-13,21,12
금천구,2022-10-14,27,17
금천구,2022-10-15,32,22
금천구,2022-10-16,40,28
금천구,2022-10-17,27,14
금천구,2022-10-18,21,12
금천구,2022-10-19,20,11
금천구,2022-10-20,32,19
금천구,2022-10-21,48,33
금천구,2022-10-22,46,32
금천구,2022-10-23,35,20
금천구,2022-10-24,26,14
금천구,2022-10-25,15,8
금천구,2022-10-26,16,9
금천구,2022-10-27,30,19
금천구,2022-10-28,45,28
금천구,2022-10-29,28,18
금천구,2022-10-30,28,20
금천구,2022-10-31,24,18
금천구,2022-11-01,52,35
금천구,2022-11-02,31,15
금천구,2022-11-03,32,16
금천구,2022-11-04,24,10
금천구,2022-11-05,24,13
금천구,2022-11-06,22,14
금천구,2022-11-07,28,17
금천구,2022-11-08,43,29
금천구,2022-11-09,67,50
금천구,2022-11-10,75,57
금천구,2022-11-11,53,39
금천구,2022-11-12,49,34
금천구,2022-11-13,22,15
금천구,2022-11-14,23,16
금천구,2022-11-15,27,18
금천구,2022-11-16,35,23
금천구,2022-11-17,32,19
금천구,2022-11-18,36,23
금천구,2022-11-19,27,18
금천구,2022-11-20,29,19
금천구,2022-11-21,36,24
금천구,2022-11-22,58,39
금천구,2022-11-23,42,28
금천구,2022-11-24,46,29
금천구,2022-11-25,54,35
금천구,2022-11-26,55,19
금천구,2022-11-27,19,11
금천구,2022-11-28,25,14
금천구,2022-11-29,20,11
금천구,2022-11-30,21,8
금천구,2022-12-01,19,10
금천구,2022-12-02,17,10
금천구,2022-12-03,32,22
금천구,2022-12-04,20,10
금천구,2022-12-05,19,12
금천구,2022-12-06,26,15
금천구,2022-12-07,30,15
금천구,2022-12-08,22,10
금천구,2022-12-09,38,24
금천구,2022-12-10,37,24
금천구,2022-12-11,40,26
금천구,2022-12-12,27,19
금천구,2022-12-13,156,28
금천구,2022-12-14,38,12
금천구,2022-12-15,29,19
금천구,2022-12-16,28,18
금천구,2022-12-17,21,15
금천구,2022-12-18,19,11
금천구,2022-12-19,19,13
금천구,2022-12-20,26,20
금천구,2022-12-21,40,29
금천구,2022-12-22,31,17
금천구,2022-12-23,19,13
금천구,2022-12-24,28,21
금천구,2022-12-25,35,27
금천구,2022-12-26,42,34
금천구,2022-12-27,39,30
금천구,2022-12-28,32,22
금천구,2022-12-29,30,22
금천구,2022-12-30,38,32
금천구,2022-12-31,35,29
